{
    "x_mean": [
        1923.6738383666243,
        0.6761851851851851,
        1.000074074074074,
        0.34074074074074073,
        0.3296296296296296,
        0.3296296296296296
    ],
    "x_scale": [
        663.7004193698722,
        0.542426642047331,
        0.01628433904758605,
        0.4739583192013745,
        0.4700786496958385,
        0.4700786496958384
    ],
    "y_mean": [
        0.5785582954200041,
        0.6176896505821499
    ],
    "y_scale": [
        0.18079058502831907,
        0.1651937950769142
    ]
}